﻿<LibraryDocument xmlns:xsi="http://www.w3.org/2001/XMLSchema-instance" xmlns:xsd="http://www.w3.org/2001/XMLSchema">
  <Properties>
    <Property Name="AUTHORING_SCOPE" Value="ScopeId_25705959-04C0-492D-8155-97E69E0FD085" />
  </Properties>
  <Contents>
    <Content UniqueId="f7acce34-2944-42ec-8e4b-33ec032cb716" Hash="" Description="FeatureUpdateScript_PostOOBE" RelativePath="FeatureUpdateScript_PostOOBE" FullPath="C:\Users\admricky_richards\Desktop\IPU_TS_files\FeatureUpdateScript_PostOOBE\" SingleFile="false" StorageType="" FullOwnership="true" OriginalPath="\\aussccm01\source$\Packages\FeatureUpdateScripts_PostOOBE\" OriginalStorage="" />
    <Content UniqueId="50f96604-9eba-45b8-9648-3c48cda7b949" Hash="" Description="FeatureUpdateScripts_SetupComplete" RelativePath="FeatureUpdateScripts_SetupComplete" FullPath="C:\Users\admricky_richards\Desktop\IPU_TS_files\FeatureUpdateScripts_SetupComplete\" SingleFile="false" StorageType="" FullOwnership="true" OriginalPath="\\aussccm01\source$\Packages\FeatureUpdateScripts_SetupComplete\" OriginalStorage="" />
    <Content UniqueId="29a72bc7-c2e9-47c6-81fc-7616dc0b3c8c" Hash="" Description="FeatureUpdateScript_Chrome" RelativePath="FeatureUpdateScript_Chrome" FullPath="C:\Users\admricky_richards\Desktop\IPU_TS_files\FeatureUpdateScript_Chrome\" SingleFile="false" StorageType="" FullOwnership="true" OriginalPath="\\aussccm01\source$\Packages\FeatureUpdateScripts_ChromeFix\" OriginalStorage="" />
    <Content UniqueId="c5adeab7-40f7-4784-85aa-5dba69950a54" Hash="" Description="Windows 11 22H2" RelativePath="Windows 11 22H2" FullPath="C:\Users\admricky_richards\Desktop\IPU_TS_files\Windows 11 22H2\" SingleFile="false" StorageType="" FullOwnership="true" OriginalPath="\\aussccm01\source$\OSD\OperatingSystems\OS_WIMs\Windows 11 ISO\" OriginalStorage="" />
  </Contents>
  <EntryObjects>
    <Object Path="SMS_Package.PackageID='FED006EF'" Type="SMS_Package" />
    <Object Path="SMS_Package.PackageID='FED006F0'" Type="SMS_Package" />
    <Object Path="SMS_Package.PackageID='FED006F1'" Type="SMS_Package" />
    <Object Path="SMS_OperatingSystemInstallPackage.PackageID='FED007DD'" Type="SMS_OperatingSystemInstallPackage" />
    <Object Path="SMS_TaskSequencePackage.PackageID='FED007DC'" Type="SMS_TaskSequencePackage" />
  </EntryObjects>
</LibraryDocument>